book1,book2,start_ms1,start_ms2,start1,start2,end_ms1,end_ms2,end1,end2,text1,text2
0630IbnAthirCizzDin.Kamil,0279Baladhuri.AnsabAshraf,1056,673,1465,1482,1057,674,33,17, وقال يا بن العاص ان العرب قدms1056 اسندت اليك امرها بعد ما تقارعوا بالسيوف فلا تردنهم في فتنة, اليك امرها بعد ان تقارعتms0673 بالسيوف وتناكزت بالرماح فلا تردنهم الي مثل
0630IbnAthirCizzDin.Kamil,0279Baladhuri.AnsabAshraf,1078,715,1058,1548,1078,716,1159,836, فاحذرهم فسار ابن الحضرمي حتي قدم البصرة وكان ابن عباس قد خرج الي علي بالكوفة واستخلف زياد بن ابيه علي البصرة فلما وصل ابن الحضرمي الي البصرة نزل في بني تميم, ودع ربيعة ظ فلن ينحرف عنكms0715 احد سواهم لانهم ترابية كلهم وكتب الي عمرو بن العاص اني نظرت في امر اهل البصرة فوجدت جل اهلها لنا اولياء ولعلي وشيعته اعداء وقد اوقع بهم الوقعة التي قد علمت فاحقاد تلك ثابتة في صدورهم والغل بها غير مزايل لقلوبهم وقد اطفا الله بقتل ابن ابي بكر وفتح مصر نيرانا كانت بها الافاق مشتعلة مشبوبة ظ مستقرة ورفع بذلك رءس انصارنا واشياعنا حيث كانوا من البلاد وقد رايت ان ابعث الي اهل البصرة عبد الله بن عامر الحضرمي فينزل البصرة ويتودد الي الازد وينعي دم عثمان ويذكرهم وقعة علي فانها اتت علي صالحيهم من اخوتهم واباءهم وابناءهم فكتب اليه عمرو انه لم يكن منك مذ نهضنا في هذه الحرب وانتضينا لها ونابذنا اهلها راي هو اضر لعدوك واسر لوليك من رايك هذا الذي الهمته ووفقت له فامضه يا امير المءمنين مسددا فانك توجه الصليب الاريب النصيح غير الظنين فلما جاء ه كتاب عمرو سرح ابن الحضرمي الي البصرة واوصاه ان ينزل في مضر ويحذر ربيعة ويتودد الي الازد فسار حتي قدم البصرة ونزل في بني تميم
0630IbnAthirCizzDin.Kamil,0279Baladhuri.AnsabAshraf,1088,744,1000,391,1088,744,1107,860, وثلاثين ثم خرج ابو مريم السعدي التميمي فاتي شهرزور واكثر من معه من الموالي وقيل لم يكن معه من العرب غير ستة نفر هو احدهم واجتمع معه ماءتا رجل وقيل اربعماءة وعاد حتي, ابن قفل امر ابي مريم السعدي من سعد مناة بن تميم قالوا رجع علي الي الكوفة من النهر وان وبها ثلاثة الاف من الخوارج والف في عسكره ممن فارق ابن وهب وجاء الي راية ابي ايوب الانصاري ومن كان بالنخيلة ممن خرج يريد اهل الشام قبل النهر وان فلما قاتل علي اهل النهر وان اقاموا ولم يقاتلوا اهل النهر معه وقوم بالكوفة لا يرون قتاله ولا القتال معه فاتي ابو مريم بعد وقعة النهر وان شهر زور في ماتين جلهم موال فاقام بشهر زور اشهرا يحض اصحابه ويذكرهم امر النهر وان واستجاب له ايضا قوم من غير اصحابه فقدم المداءن في اربعماءة ثم اتي الكوفة فاقام
0630IbnAthirCizzDin.Kamil,0279Baladhuri.AnsabAshraf,1115,1275,1286,1223,1116,1276,111,510, وبلغ المغيرة ان معين بن عبد الله يريد الخروج وهو رجل من محارب وكان اسمه معنا فصغر فارسل اليه وعنده جماعة فاخذ وحبس وبعث المغيرة الي معاوية يخبره امره فكتب اليه ان شهد اني خليفة فخل سبيله فاحضره المغيرة وقال له اتشهد ان معاوية خليفة وانه امير المءمنينms1115 فقال اشهد ان الله عز وجل حق وان الساعة اتية لا ريب فيها وان الله يبعث من في القبور فامر به فقتل قبيصة الهلالي فلما كان ايام بشر بن مروان, قيس فواقعه فقتله واصحابه وقال الهيثم القف بين باجوا وسورا وقال الكلبي القف بين زبارا وتل بونا وذلك كله قريب من الكوفة وقال رجل من ضبة كان معه اني ادين بما دان الشراة به يوم النخيلة عند الجوسق الخرب ويقال قيل ذلك بعده امر معين المحاربي قالوا بلغ المغيرة ان معين بن عبد المحاربي يريد الخروج عليه وكان اسمه معنا فصغرms1275 فارسل اليه فاتته الخيل وعنده جماعة فنذروا بها فتفرقوا واخذ معين ورجل من بني تميم فحبسهما المغيرة وكتب الي معاوية بخبرهما فكتب اليه ان شهدا اني خليفة فخل سبيلهما اذ كانا لم يخرجا ولم يقتلا احدا فاما التميمي فشهدت بنو تميم انه مجنون فخلي سبيله واما معين فقال له اشهد ان معاوية خليفة وانه امير المءمنين فقال اشهد ان الله حق وان الساعة اتية لا ريب فيها قال انك لمجنون قال وددت اني من صالحي الجن قال اتشهد ويحك بما قلت لك قال اشهد ان تميما اكرم من محارب فقال رجل من بني هلال يقال له قبيصة اسقني دمه قال دونك فقتله فلما كانت ولاية بشر بن مروان
0630IbnAthirCizzDin.Kamil,0279Baladhuri.AnsabAshraf,1190,1267,1084,519,1190,1268,1284,810, التطواف والرحلا وبلغه ان قومه يفرحون بموته فانشد فهل من خالد ان ما هلكنا وهل بالموت يا للناس عار وكان في مرضه ربما اختلط في بعض الاوقات فقال مرة كم بيننا وبين الغوطة فصاحت بنته واحزناه فافاق فقال ان تنفري فقد رايت منفرا فلما مات خرج الضحاك بن قيس حتي صعد, وقد كفيتكم التطواف والرحلا المداءني عن بشر بن موسي وابي طيبة الحماني قالا اغمي علي معاوية في مرضه الذي مات فيه فقالت رملة ابنته او امراة من اهله متمثلة بشعر الاشهب بن رميلة اذا مت مات الجود وانقطع الندي من الناس الا من قليل مصرد وردت اكف الساءلين وامسكوا من الدين والدنيا بخلف مجدد ثم افاق واغمي عليه فانشدت لو دام شء لها لدام ابو حيان لا عاجز ولا وكل الحول القلب الاريب وهل يدفع زو المنية الحيل ويقال ان معاوية افاق فانشد البيتين وكان معاوية ينشد وهل من خالد اما هلكنا وهل في الموت يا للناس عار وحدثت عن هشام بن عمار عن الوليد بن مسلم انه قال جعل معاوية يهذي في مرضه ويقول كم بيننا وبين الغوطة فقالت ابنته واحرباه فافاق وقال ان تنفري فقد رايت منفرا المداءني عن علي بن مجاهد عن عبد الاعلي بن ميمون عن ابيه ان معاوية قال في مرضه الذي مات فيه ان رسول الله صلي الله عليه وسلم كساني قميصا فرفعته وقلم اظفاره فاخذت قلامتها فجعلتها في قارورة فاذا مت فالبسوني القميص واسحقوا تلك القلامة وذروها في عيني واجعلوا القميص بين جلدي وكفني فعسي ثم تمثل اذا مت مات الجود وانقطع الندي من الناس الا من قليل مصرد وردت اكف الساءلين وامسكواms1267 من الدين والدنيا بخلف مجدد فقالت رملة او بعض اهله بل يدفع الله عنك فقال واذا المنية انشبت اظفارها الفيت كل تميمة لا تنفع وحدثني هشام بن عمار عن عبد الحميد بن حبيب عن الاوزاعي عن عبد الاعلي بن ميمون بن مهران عن ابيه ان معاوية قال في مرضه الذي مات فيه كنت اوضء رسول الله صلي الله عليه وسلم فقال لي الا اكسوك قميصا قلت بلي بابي انت وامي فنزع قميصا كان عليه فكسانيه وقلم اظفاره فاخذت قلامتها فاذا مت فالبسوني القميص وخذوا القلامة فاجعلوها في عيني فعسي الله المداءني عن محمد بن الحكم عن ابيه ان معاوية امر برد نصف ماله الي بيت المال كانه اراد ان يطيب له الباقي وقال ان عمر بن الخطاب قاسم عماله المداءني عن ابي زكريا العجلاني قال دخل عمرو بن سعيد الاشدق علي معاوية وهو ثقيل فقال كيف اصبحت يا امير المءمنين قال اصبحت صالحا قال لقد اصبحت عينك غاءرة ولونك كاسفا وانفك ذابلا فاعهد ايها الرجل ولا تخدع نفسك فتمثل معاوية وهل من خالد اما هلكنا وهل في
0630IbnAthirCizzDin.Kamil,0279Baladhuri.AnsabAshraf,1323,1856,813,1025,1323,1857,872,419, ونجدة يومءذ ابن ثلاثين سنة ثم سار في جمع الي بني كعب بن ربيعة بن عامر بن صعصعة فلقيهم بذي المجاز فهزمهم وقتلهم قتلا, ونجدة يومءذ ابن ثلاثين سنة وخرج سراج بن مجاعة الحنفي الي عبد الله بن الزبير لياخذ لقومه امانا فقال له ابن الزبير يا سراج الم تر ما صنع قومك والله لاوجهن اليهم جيشا فقال والله ما صنع هذا الا حرورية قالوا واقام نجدة اشهرا وكثر اصحابه فقالوا لو غزونا فسرح نصر بن مبارك الحنفي في ثلاثماءة الي البحرين وقال ان قتل فاميركم ابو سعدة العجلي وعلي البحرين يومءذ سعيد بن الحارث الانصاري وكان من قبل يزيد بن معاوية فبقي بها فمنعهم سعيد بن الحارث من دخولها فوجه نجدة قدامة بن المنذر بن النعمان في ثلاثماءة وقال ان قتل فاميركم ابو سعدة فان قتل فاميركم اساف اليشكري فان قتلms1856 فاميركم المطرح بن نجدة فان قتل فاميركم ابو سنان حيي بن واءل اليشكري وقال بنو كعب بن ربيعة بن عامر بن صعصعة لكلاب بن قرة بن هبيرة القشيري انها فتنة فلو اتينا سوق المجاز فاغرنا فان بها بزا منشورا وتمرا منثورا فاجابهم كلاب ومعه اخوه غطيف فكتب نجدة الي ابن المنذر وابي سعدة والذين وجههم الي البحرين فردهم ووجه حر بن واءل الي ابن كعب وهم بالمجاز وقدامة بن النعمان في ثلاثماءة واتبعهم نجدة في اربعماءة ويقال خمسماءة فالتقوا بذي المجاز فهزمهم نجدة وقتلهم
0630IbnAthirCizzDin.Kamil,0279Baladhuri.AnsabAshraf,1324,1858,314,1259,1324,1859,604,643, لا نفر فقدم ونجدة بالقطيف فاتي نجدة عسكر ابن عمير وهو غافل فقاتلهم طويلا وافترقوا واصبح ابن عمير فهاله ما راي في عسكره من القتلي والجرحي وحمل عليهم نجدة فلم يلبثوا ان انهزموا فلم يبق عليهم نجدة وغنم ما في عسكرهم واصاب جواري فيهم ام ولد لابن عمير فعرض عليها ان يرسلها الي مولاها فقالت لا حاجة بي الي من فر عني وتركني وبعث نجدة ايضا بعد هزيمة ابن, لا نفر فقدم ونجدة بالقطيف فنزل علي ميل من عسكره وصير البحر خلفه والاثقال امامه واناخ الابل امام الاثقال وقال لاخذن نجدة اخذا وحض نجدة اصحابه فرغبهم في الشهادة والجنة وزهدهم في الدنيا واعتزل قوم من اصحابه منهم ذواد العكلي فلم ينهض معه فقال نجدة ان اخوانكم هءلاء احبوا البقاء وثبت نجدة فيمن بقي معه واتي ابن عمير في عسكره وهو غار فقاتلهم طويلا واصبحms1858 ابن عمير فهاله امر من راي في عسكره من القتلي والقطعي والجرحي وتشاغل ومن في عسكره بموتاهم وجرحاهم فاتاهم نجدة فحمل عليهم فلم يلبثوا ان انهزموا فلم يلو احد منهم علي احد وحوي نجدة العسكر واصاب جواري لابن عمير وفيهن ام ولد له فعرض نجدة عليها ان يردها عليه فقالت لا حاجة لي فيمن فر عني وورد ابن عمير البصرة فارا فقال الفرزدق ما فر من جيش امير براية فيدعي طوال الدهر الا منافقا تمنيتهم حتي اذا ما لقيتهم تركت لهم دون النساء السرادقا واعطيت ما تعطي الحليلة بعلها وكنت حباري اذ رايت البوارقا وقال العجاج حين قتل عمر بن عبيد الله بن معمر ابا فديك لقد شفاك عمر بن معمر من الحروريين يوم العسكر وقع امرء ليس كوقع الاعور يعني عبد الله بن عمير في حرب نجدة وبعث نجدة بعد هزيمة ابن عمير
0630IbnAthirCizzDin.Kamil,0279Baladhuri.AnsabAshraf,1325,1860,604,1097,1325,1861,1014,373, بنتا لعبد الله بن عمرو بن عثمان كانت عند ظءر لها فضمها اليه فقال بعض اصحابه ان نجدة ليتعصب لهذه الجارية فامتحنوه فساله بعضهم بيعها منه فقال قد اعتقت نصيبي منها فهي حرة قال فزوجني اياها قال هي بالغ وهي املك بنفسها فانا استامرها فقام من مجلسه ثم عاد فقال قد استامرتها فكرهت الزواج فقيل ان عبد الملك او عبد الله بن الزبير كتب اليه والله لءن احدثت فيها حدثا لاطان بلادك وطاة لا يبقي معها بكري وكتب نجدة الي ابن عمر يساله عن اشياء فقال سلوا ابن عباس فسالوه ومساءلة ابن, السلاح رجع نجدة الي الطاءف واصاب ابن بحدج ابنة لعبد الله بن عمرو بن عثمان كانت عند ظءر لها فضمها نجدة اليه فقال بعضهم ان نجدة ليتعصب لهذه الجارية فامتحنوه بان ساله بعضهم بيعها منه فقال قد اعتقت نصيبي منها فهي حرة قال فزوجني اياها قال هي بالغ وهي املك بنفسها فانا استامرها فقام من مجلسه ثم قال قد استاذنتها فكرهت الزوج وقيل ان عبد الله بن الزبير كتب اليه والله لءن احدثت فيها حدثا لاطان بلادك وطاة لا يبقي بها معها بكري وكتب نجدة الي ابن عمر يساله هلms1860 ساروا بين يدي رسول الله صلي الله عليه وسلم بالحربة واللواء وعن الرجل يغشي المراة في الحيض فقال سلوا ابن عباس فقال يرحم الله ابا عبد الرحمن اين كان يوم حنين قد سير بذلك بين يدي رسول الله صلي الله عليه وسلم مرجعه من حنين واما الذي يغشي المراة في الحيض في اوله فدينار والذي يغشي في الكدرة فنصف دينار فبعث اليه نجدة فان لم يجد قال يقوم الذي يلزمه طعاما ويصوم لكل مد يوما وقال ابن عباس قاتله الله يقتل المسلمين
0630IbnAthirCizzDin.Kamil,0279Baladhuri.AnsabAshraf,1381,1850,520,1363,1381,1851,702,380, كان يترك لحمه اقطاعا وظهر عليهم فساروا وقطعوا قنطرة بينهما ليمتنع من طلبهم وقصدوا نحو اصبهان فاقاموا عندها حتي قووا واستعدوا ثم اقبلوا حتي مروا بفارس وبها عمر فقطعوها في غير الموضع الذي هم به اخذوا علي سابور ثم علي ارجان حتي اتوا الاهواز, كاد يترك لحمه اقطاعا وولي عبد الله بن الزبير ابنه حمزة البصرة وكتب الي المصعب ان يلحق به من معه من رجال اهل البصرة فالحق به المهلب وولي مكانه ابراهيم بن الاشتر فوجه حمزة المهلب لقتال الخوارج لمسالة اهل البصرةms1850 اياه ذلك وقال قوم عزل حمزة المهلب عن الموصل ووجهه لقتال الخوارج وهذا قول من زعم ان حمزة ولي البصرة والكوفة وذلك غلط واتي الخوارج رامهرمز في ايام حمزة فقاتلهم المهلب فاتوا ارجان ومضوا الي اصبهان وغضب مصعب فمضي الي اخيه وعامله علي الكوفة القباع وعلي الموصل ابن الاشتر فرده اخوه علي البصرة والكوفة وعزل حمزة ابنه فقدم مصعب البصرة ولم يعزل حمزة عمر بن عبيد الله عن فارس واقبل الزبير بن علي من اصبهان الي الاهواز
0630IbnAthirCizzDin.Kamil,0279Baladhuri.AnsabAshraf,1398,1497,1083,968,1398,1498,1182,458, بن المنذر بن الجارود ولعبد الله بن فضالة الزهراني ولعلي بن اصمع ولعبد العزيز بن بشر وغيرهم نحو هذا من التوبيخ والتقريع وضربهم ماءة ماءة وحلق رءوسهم ولحاهم, فانتمي الي عبد القيس ولا والله ما اعرف حيا اشد اشتمالا علي سوءة منهم ثم انكح اخته المكعبر الفارسي فلم يصب شرفا قط اعظم من ذلك فهءلاء ولدها يا ابن قباذ ثم اتي بعبد الله بن فضالة الزهراني فقال الست من اهل هجر ثم من اهل سماهيج اما والله لاردنك الي نسبك ثم اتي بعلي بن اصمع فقال انت عبد لبني تميم مرة وعربي من باهلة مرة ثم اتي بعبد العزيز بن بشر بن حناط فقال يا ابن المشتور الم يسرق عمك في زمن عمر فامر به فسير ليقطعه اما والله ما اعيب الا من نكح اختك وكانت اخته تحت مقاتل بن مسمع ثم اتي بابي حاضر الاسدي فقال يا ابن الاصطخرية وماms1497 انت والاشراف انما انت دعي في بني اسد ثم اتي بزياد بن عمرو فقال يا ابن الكرماني انما انت علج من اهل كرمان قطعت الي فارس فصرت ملاحا ما لك وللحرب انت بجر القلس اعلم ثم اتي بعبد الرحمن بن عثمان بن ابي العاص فقال اعلي تكثر وانت علج من اهل هجر لحق ابوك بالطاءف وهم يضمون من تاشب اليهم ليتعززوا به اما والله لاردنك الي اصلك ثم اتي بشمخ بن النعمان فقال يا ابن الخبيثة انت علج من اهل زندورد هربت امك وقتل ابوك فتزوج اخته رجل من بني يشكر فجاءت بغلامين فالحقك بنسبهما ثم ضربهم ماءة ماءة وحلق رءوسهم
0630IbnAthirCizzDin.Kamil,0279Baladhuri.AnsabAshraf,1403,1790,1182,746,1403,1791,1235,1310, غواربهم وقيس عيلان من اخلافها ضجروا في ابيات كثيرة فلما قتل عمير بن الحباب وقف رجل علي اسماء بن خارجة الفزاري, من اخلاقها الضجر فلا هدي الله قيسا من ضلالتها ولا لعا لبني ذكوان ان عثروا ولم يزل لسليم امر جاهلها حتي تعايا بها الايراد والصدر فقد نصرت امير المءمنين بنا لما اتاك بمرج الغوطة البقر يعرفونك راس ابن الحباب فقد اضحي وللسيف في خيشومه اثر وقال الاخطل في قصيدة له الا من مبلغ قيسا رسولا فكيف وجدتم طعم الشقاق فان يك كوكب الصماء نحسا به ولدت وبالقمر المحاق ولاقي ابن الحباب له حميا كفته كل حازية وراق فاضحي راسه ببلاد عك وساءر خلقه بجبا براق والا تذهب الايام نرفد جميلة مثلها قبل الفراق ملانا جانب الثرثار منهم وجهزنا اميمة لانطلاق اميمة امراة عمير بن الحباب يوم الكحيل من ارض الموصل في عبر دجلة المغربي قالوا لما قتل عمير بن الحباب تجمعت قيس بناحية حدث الرقاق وهي بناحية قيس فقال الاخطل ضربناهم علي المكروه حتي حدوناهم الي حدث الرقاق قالوا ثم ان تميم بن الحباب اتي زفر بن الحارث فساله ان يطلب له بثاره فامتنع من ذلك فقال له الهذيل ابنهms1790 والله لءن ظفر بهم ان ذلك لعار عليك وان ظفروا وقد خذلتهم ان ذلك لاشد فاستخلف زفر علي قرقيسياء اخاه اوس بن الحارث وعزم علي ان يغير علي بني تغلب ويغزوهم فوجه يزيد بن حمران في خيل الي بني فدوكس فقتل رجالهم واستباح اموالهم حتي لم يبق غير امراة واحدة يقال لها حميدة اعاذها ابن حمران وقد استعاذت به وبعث الهذيل بن زفر الي بني كعب بن زهير فقتل فيهم قتلا ذريعا وبعث مسلم بن ربيعة اخا بني عقيل الي قوم من بني تغلب مجتمعين فاكثر فيهم القتل ثم قصد لبني تغلب وقد اجتمعوا بالعقيق من ارض الموصل فلما احست به بنو تغلب ارتحلت تريد عبور دجلة فلما صارت بالكحيل لحقهم زفر بن الحارث في القيسية فاقتتلوا قتالا شديدا وترجل اصحاب زفر اجمعون وبقي زفر علي بغل له فقتلوهم ليلتهم وبقروا بطون نساء منهم وغرق في دجلة اكثر ممن قتل بالسيف واتي فلهم لبي فوجه زفر اليهم الهذيل بن زفر فاوقع بهم الا من عبر فنجا واسر زفر منهم ماءتين فقتلهم صبرا فقال زفر الا يا عين جودي بانسكاب وبكي عاصما وابن الحباب فان تك تغلب قتلت عميرا ورهطا من غني في الحراب فقد افني بني جشم بن بكر ونمرهم فوارس من كلاب قتلنا منهم ماءتين صبرا وما عدلوا عمير بن الحباب فقتلانا نعدهم كراما وقتلاهم تعد مع الكلاب وقال ايضا قتلنا من بني جشم جموعا فما عدلت جموعهم عميرا وقال ابن صفار المحاربي الم تر حربنا تركت حبيبا محالفها المذلة والصغار وقد كانوا اولي عز فاضحوا وليس بهم من الذل انتصار حدثني عباس بن هشام الكلبي عن ابيه حدثنا ابن الجصاص قال وقف عكرمة بن ربعي التيمي من ربيعة علي اسماء بن خارجة الفزاري
0630IbnAthirCizzDin.Kamil,0279Baladhuri.AnsabAshraf,1417,1771,421,1334,1417,1772,434,300, ونيكت امه فاستحيا وعاد ولم يرجع يقاتلهم وقالت كلب لعبد الملك انا اذا, ونيكت امه فانكسر واستحيا ولم يعد الي الحرب حتي انقضي امر زفر وقال زفر خالد وكان يكني ابا هاشم ابو هاشم عطارة فارسية مكحلة العينين براقة الفم ابو هاشم يرمي فوارس قومه واما العدو الابعدين فما يرمي وقال الصقعب المري نحن بنو مرةms1771 نرمي زفرا يهدي الينا حجرا فحجرا لما راينا دينه تغيرا واصبح المعروف منه منكرا وقال ايضا كيف تري قيسا ترامي قيسا حمقا تري ذاك بها ام كيسا تدوسهم بالمنجنيق دوسا وقيل لعبد الملك ان قيسا تنهزم بالناس فاجعلها ترمي بالمجانيق فقال الصقعب فباست من قال الا لا ينصح وقد فتحنا حولها ما يفتح في كل وجه وخصي ترجح وقالت كلب لعبد الملك انا اذا
0630IbnAthirCizzDin.Kamil,0279Baladhuri.AnsabAshraf,1417,1772,1108,1078,1417,1773,1241,499, ويضرب في اعجازها ان تولت ولما ثلم برج قرقيسيا قال لعبد الملك بعض اهله لو قاتلتهم بقضاعة لملكتهم ففعل وقاتلهم فلما كان عند المساء انكشفت قضاعة وكثر القتل فيهم واقبل روح بن زنباع الجذامي, ويضرب في اعجازها ان تولت حدثنا احمد بن ابراهيم الدورقي وابو خيثمة قالا حدثنا وهب بن جرير حدثنا محمد بن ابي عيينة قال جعل بشر بن مروان يرسل الي قيس اتقتلون انفسكم مع رجل ليس منكم وانما هو من كندة فبلغ ذلك زفر بن الحارث فقال لعلك يا بشر بن مروان لاءمي علي حين ابدت عن نواجذها الحرب فتخبر قومي انني لست منهم وتزعم انا معشر من بني وهب اتجعل اجلافا عليها عباءها ككندة تمشي في المطارف والعصب وقال زفر ايضا ابا الله اما بحدل وابن بحدل فيحيا واما ابن الزبير فيقتل كذبتم وبيت الله لاms1772 تقتلونه ولما يكن يوم اغر محجل ولما يكن للمشرفية فيكم شعاع كقرن الشمس حين ترجل المداءني عن ابي زياد بن يزيد بن قحيف الكلابي قال قاتل عبد الملك زفر بن الحارث اربعين يوما ورمي المدينة بالمجانيق حتي ثلم عامة بروجها فقال ابناء الكلبيات من قريش واليمانية انك قد هدمت مدينتهم فناهضهم غدا ساعة فخرج الهذيل بن زفر ويزيد بن حمران ومسلم العقيلي وهو ابو اسحاق بن مسلم وعبد الله بن يزيد الهلالي فصاروا علي برج المدينة واقبلت قضاعة مع شروق الشمس فاقتتلوا الي الظهر ثم جالت قضاعة وانكشفت ووقفت القيسية علي البروج واقبل روح بن زنباع الجذامي
0630IbnAthirCizzDin.Kamil,0279Baladhuri.AnsabAshraf,1537,1918,1547,111,1538,1918,46,613, سليمان تمثل بالبيت الاول وهو الصحيحms1537 لان هشاما كان صغيرا له اربع عشرة سنة وقد رثي الشعراء عبد الملك كثير عزة, سليمان المتمثل بالبيت الاول لان هشاما كان يوم مات ابوه ابن اربع عشرة سنة ولد عام قتل مصعب قالوا ولما اخرج عبد الملك احتزم الوليد ومشي بين يدي سريره وكان في طريقهم الي المقابر دار اذا هدمت كان الطريق اقرب الي المقابر فامر الوليد بهدم الدار قبل ان تخرج الجنازة فهدمت وخطب الوليد حين رجع من الجنازة فقال بعد ان حمد الله واثني عليه لم ار مثلها مصيبة ولم ار مثله ثوابا فان لله وانا اليه راجعون لعظم المصيبة والحمد لله علي حسن العطية اني قد كفيت ما كانت الخلفاء قبلي تتكلم به فمن كان في قلبه شك فليمت بداءه من امال اذنه املنا اذنيه قال الشاعر يرثي عبد الملك سقاك
0630IbnAthirCizzDin.Kamil,0279Baladhuri.AnsabAshraf,1660,2260,626,1526,1660,2261,740,597, اخت مسعود فلما امسي هلال تفرق عنه اصحابه وبقي في نفر يسير فدخل قصرا فتحصن به فنصبوا عليه السلاليم وصعدوا اليه فقتلوه واستامن اصحابه فامنهم وقال الفرزدق في هذا اليوم لعمري, اخت مسعود فلما امسي هلالms2260 تفرق عنه اصحابه وبقي في عصبة فدخل قصرا فتحصن فيه فقال عبيد الله بن مالك عم تميم بن محلم علام تدع هذا وقد حبس لكم نفسه وقد تفرق اصحابه ولعل طاءفة منهم تعود اليه فطلبوا سلما فلما وجدوه احجم الناس عنه وهابوا الاقدام فرقي عبيد الله الي حاءط القصر وتلقاه هلال بن مدلج الخارجي علي الحاءط فاختلفا ضربتين فقتل عبيد الله هلالا وجرحه هلال فبرء من جراحاته واستامن من بقي في القصر فامنهم وقال الهيثم بن عدي قتل مسعودا رقيب بن عبد الرحمن مولي بني شيبان واحتز راسه رجل من بني سعد والاول اثبت وقال الفرزدق لقد عض عضاض علي السيف عضة بانيابه قد اثكلت ام زينبا كفت ضربة العضاض اذ سل سيفه رجالا شهودا من تميم وغيبا وقال ايضا لعمري لقد سلت حنيفة
0630IbnAthirCizzDin.Kamil,0279Baladhuri.AnsabAshraf,1749,964,1574,1092,1750,965,365,460, نسبه ثم ان سليطا خاصم عليms1749 بن عبد الله في الميراث حتي لقي منه علي اذي شديدا وكان معه علي رجل من ولد ابي رافع مولي رسول الله منقطعا اليه يقال له عمر الدن فقال لعلي يوما لاقتلن هذا الكلب واريحك منه فنهاه علي عن ذلك وتهدده بالقطيعة ورفق علي سليط حتي كف عنه ثم ان سليطا دخل مع علي بستانا له بظاهر دمشق فنام علي فجري بين عمر الدن وسليط كلام فقتله عمر ودفنه في البستان واعانه عليه مولي لعلي وهربا وكان لسليط صاحب قد عرف دخوله, ثم ان سليطا جعل يخاصم علي بن عبد الله في الميراث حتي لقي منه غما واذي وكان مع علي رجل من ولد ابي رافع مولي رسول الله صلي الله عليه وسلم يقال له عمر الدن لم يزل منقطعا اليه فقال لعلي يوما الا اقتل هذا الكلب ابن الكلب واريحك منه فزبره علي وقال هممت والله ان لا تدخل الي رحلا ولا اكلمك بذات شفة ابدا ثم ان عليا رفق بسليط حتي كف عنه فانه لفي بستان له يدعي الجنينة علي فرسخ منms0964 دمشق ومساحة البستان اربعة اجربة او اشف اذ اتي عمر الدن ومعه سليط فجعلا يخدمان عليا حتي اكل وقام يصلي ثم انحاز عمر بسليط الي ناحية من البستان فجعلا ياكلان من الفاكهة وجري بينهما كلام فوثب الدن الي ناحية من البستان فجعلا ياكلان من الفاكهة وجري بينهما كلام فوثب الدن علي سليط بصخرة فدمغه بها وحفر له فدفنه واعانه علي دفنه مولي لعلي يقال له فايد ابو المهنا ويقال عروة ابو راشد ثم عفيا موضع قبره وهرب الدن وصاحبه الذي اعانه وعلي مقبل علي صلاته لا يعلم بشء مما كان وكان لسليط صاحب قد عرف دخوله
0630IbnAthirCizzDin.Kamil,0279Baladhuri.AnsabAshraf,1763,2361,660,1200,1763,2362,1161,60, خالد واخوته من الساحل في الجوامع ومعهم ومواليهم وحبس البنات خالد والنساء والصبيان ثم ظهر علي ابن العمرس ومن كان معه فكتب الوليد بن عبد الرحمن عامل الخراج الي هشام يخبره باخذ ابن العمرس واصحابه باسماءهم وقباءلهم ولم يذكر فيهم احدا من موالي خالد فكتب هشام الي كلثوم يشتمه ويامره باطلاق ال خالد فاطلقهم وترك الموالي رجاء ان يشفع فيهم خالد اذا قدم من الصاءفة ثم قدم خالد فنزل منزله في دمشق فاذن للناس فقام بناته يحتجبن فقال لا تحتجبن فان هشاما كان كل يوم يسوقكن الي الحبس فدخل الناس فقام اولاده يسترون النساء فقال خالد خرجت غازيا سامعا مطيعا فخلفت في عقبي واخذ, والمنذر ومحمدا وسعيدا من الساحل فقدم بهم في الجوامع ومن كان معهم من مواليهم وغلمانهم وحبس ام جرير بنت خالد والراءقة وجميع النساء والصبيان ثم ظهر علي ابي المعرس فاخذ ومن معه فكتب الوليد بن عبد الرحمن عامل الخراج بدمشق الي هشام يخبره ببراءة من حبس من اهل خالد واخذ ابي المعرس واصحابه فكتب هشام الي كلثوم يشتمه ويعنفه ويامره بتخليه من حبس من ال خالد ومواليه وغيرهم ممن هوms2361 منهم بسبب فخلاهم جميعا ولما قدم خالد قال غزوت في سبيل الله سامعا مطيعا فاخذ حرمي وحرم
0630IbnAthirCizzDin.Kamil,0279Baladhuri.AnsabAshraf,1763,2362,1518,445,1764,2362,151,832, بلغه قال قد خرف ابو الهيثم وتتابعت كتب يوسف بن عمر الي هشام يطلبms1763 منه يزيد بن خالد بن عبد الله فارسل هشام الي كلثوم يامره بانقاذ يزيد بن خالد بن عبد الله الي يوسف بن عمر فطلبه فهرب فاستدعي خالدا فحضر عنده فحبسه فسمع هشام فكتب الي كلثوم يلومه ويامره, فبلغ قوله هشاما فقال خرف الرجل وكتب اليه انك هذاة هذرة اببجيلة القليلة الذليلة تتهددنا وقال رجل من عبس في خالد الا ان بحر الجود اصبح ساحيا اسير ثقيف موثقا في السلاسل فان يسجنوا القسري لا يسجنوا اسمه ولا يسجنوا معروفه في القباءل قال الهيثم فاقام خالد بدمشق ويوسف ملح علي هشام في اشخاص يزيد بن خالد فكتب الي كلثوم يامره بحمل يزيد الي يوسف فبعث اليه خيلا وهو في بعض النواحي فقاتلهم ولم يقدروا عليه فحبس كلثوم خالدا في سجن دمشق وسار اسماعيل اخوه
0630IbnAthirCizzDin.Kamil,0279Baladhuri.AnsabAshraf,1779,2425,1402,1581,1780,2426,21,386, ان بني عقيل وقشيرا وجعدة ونميرا تجمعوا وعليهم ابو سهلة النميري فقتلوا من لقوا من بني حنيفة بمعدن الصخراء وسلبوا نساءهم وكفت بنو نمير عن النساء ثم ان عمر بن الوازع الحنفي لما راي ما فعلms1779 عبد الله بن النعمان يوم الفلج الثاني قال لست بدون, بنو عقيل وقشير وجعدة بن كعب ونمير بنms2425 عامر بعد الفلج الثاني وقد تجمعوا عليهم بنو سهلة النميري علي من كان من بني حنيفة بمعدن الصحراء فقتلوا من وجدوا من بني حنيفة وسلبوا نساءهم وكفت بنو نمير عن النساء غير ان رباح بن جندل بن الراعي سبي امراة واحدة مخصلة بخصل الفضة فقال القحيف ورثنا ابانا عامرا مشرفية صفاءح فيها اليوم انصاف ما بها ضربنا بها اعناق بكر بن واءل جهارا وجاوزنا بها من وراءها يوم النشاش قالوا ولما اوقع بالعامريين يوم الفلج الثاني قال عمر بن
0630IbnAthirCizzDin.Kamil,0279Baladhuri.AnsabAshraf,1864,2485,471,1495,1864,2486,682,161, بلغت الهزيمة عبد الله بن علي ارسل الي طريق المنهزمين من يمنعهم من دخول العسكر لءلا ينكر قومهم واشار عليه ابو عون ان يبادر مروان بالقتال قبل ان يظهر امر المخارق فيفت ذلك في اعضاد الناس فنادي فيهم بلبس السلاح والخروج الي الحرب فركبوا واستخلف علي عسكره محمد بن صول وسار, مروان وراي المخارق لعن اللهms2485 العبد ابا مسلم جاءنا بهءلاء يقاتلنا بهم وقال العماني وهو من بني فقيم صبحهم مروان بالدهارس قبل الصباح والصقيع الجامس دوس الجراجير الحصاد اليابس وبلغ ابن علي خبر المخارق فدعا عبد الله بن علي
